,Test MSE,Val MSE
Config 1,0.014105814,0.015534765
Config 2,0.013971531,0.016312108
Config 3,0.01585877,0.014081078
Config 4,0.052990562,0.054764742
Config 5,0.070719887,0.056235112
Config 6,0.034943014,0.035555825